Workbook

Sheet Instrucciones
B2: Plantilla de Registro y Gestión de Riesgos
B3: Proyecto de Sistemas de Información · SI4008 · Universidad EAFIT
B5: Use esta plantilla para identificar, clasificar y hacer seguimiento a los riesgos de su proyecto de curso. La hoja "Matriz de Probabilidad e Impacto" se actualiza automáticamente a medida que registra sus riesgos.
B8: Cómo leer los colores
C9: Celdas en amarillo claro | D9: Diligéncielas para cada riesgo: son la información que usted aporta.
C10: Celdas en gris | D10: Se calculan automáticamente (fórmulas). No las edite ni borre.
C11: Verde en la columna Nivel | D11: Riesgo Bajo (puntaje 1–5).
C12: Amarillo/dorado en la columna Nivel | D12: Riesgo Medio (puntaje 6–12).
C13: Rojo en la columna Nivel | D13: Riesgo Alto (puntaje 15–25).
B15: Pasos para usar la plantilla
B16: 1. Vaya a la hoja "Registro de Riesgos". Las filas EJ-1 y EJ-2 son ejemplos: reemplácelas o bórrelas antes de entregar.
B17: 2. Describa cada riesgo como un escenario: “Debido a [causa], puede ocurrir [evento], lo que generaría [efecto]”.
B18: 3. Seleccione categoría, tipo (Amenaza u Oportunidad), probabilidad e impacto (escalas de 1 a 5 — ver hoja "Guía y Escalas").
B19: 4. El puntaje, el nivel de exposición y la estrategia sugerida se calculan solos al llenar probabilidad e impacto.
B20: 5. Complete el plan de acción específico, el disparador (trigger), el responsable y el estado del riesgo.
B21: 6. Revise la hoja "Matriz de Probabilidad e Impacto": muestra cuántos riesgos caen en cada combinación y el total por nivel y por tipo.
B22: 7. Actualice el registro en cada hito del proyecto — la gestión de riesgos no es un ejercicio de una sola vez.
B24: Hojas de esta plantilla
B25: Registro de Riesgos | C25: La tabla principal: un riesgo por fila.
B26: Matriz de Probabilidad e Impacto | C26: Vista automática de cómo se distribuyen los riesgos registrados.
B27: Guía y Escalas | C27: Definición de las escalas de probabilidad/impacto, categorías y estrategias de respuesta.

Sheet Registro de Riesgos
A1: Registro de Riesgos — Proyecto:
A3: ID | B3: Riesgo (causa → evento → efecto) Colores para marcar causa, evento y efecto (no significan positivo o negativo) | C3: Categoría | D3: Tipo | E3: Probabilidad (1-5) | F3: Impacto (1-5) | G3: Puntaje | H3: Nivel de exposición | I3: Qué hacer (estrategia sugerida) | J3: Plan de acción / respuesta específica | K3: Disparador (trigger) | L3: Responsable | M3: Estado | N3: Fecha de identificación | O3: Última actualización
A4: EJ-1 | B4: Integración con API externa: Debido a la dependencia de una API externa y a la posibilidad de fallos en su disponibilidad, las solicitudes de extracción de datos podrían fallar o exceder el tiempo de espera, provocando interrupciones en la ingesta de información y retrasos en la actualización de los datos de oportunidades de contratación. | C4: Externo | D4: Amenaza | E4: 3 | F4: 5 | G4: =IF(OR($E4="",$F4=""),"",$E4*$F4) -> 15 | H4: =IF($G4="","",IF($G4<=5,"Bajo",IF($G4<=12,"Medio","Alto"))) -> Alto | I4: =IF(OR($D4="",$H4=""),"",IF($D4="Amenaza",IF($H4="Alto","Evitar o Mitigar",IF($H4="Medio","Mitigar o Transferir","Aceptar (monitorear)")),IF($H4="Alto","Explotar o Compartir",IF($H4="Medio","Mejorar o Compartir","Aceptar (monitorear)")))) -> Evitar o Mitigar | J4: Definir un procesamiento de excepciones dentro de n8n para reintentos automáticos y asegurar el almacenamiento previo de datos crudos en la capa de Staging de Supabase ante caídas o lentitud de la API externa. ACTUALIZACION: Hasta la fecha de la ultima actualización la API responde correctamente a las solicitudes y no han habido inconvenientes | K4: La API externa presenta errores HTTP 5xx (de servidor) o tiempos de espera agotados durante 5 minutos consecutivos. | L4: Juan Jose Botero | M4: En seguimiento | N4: 46287 | O4: 46308
A5: EJ-2 | B5: Calidad y normalización de datos: Debido a la heterogeneidad y posible inconsistencia de los datos recibidos desde la API externa, podrían ingresar registros con NIT inválidos, entidades duplicadas, montos incorrectos o códigos UNSPSC/DANE no normalizados, afectando la confiabilidad de los resultados y la precisión de las oportunidades identificadas. | C5: Técnico | D5: Amenaza | E5: 4 | F5: 4 | G5: =IF(OR($E5="",$F5=""),"",$E5*$F5) -> 16 | H5: =IF($G5="","",IF($G5<=5,"Bajo",IF($G5<=12,"Medio","Alto"))) -> Alto | I5: =IF(OR($D5="",$H5=""),"",IF($D5="Amenaza",IF($H5="Alto","Evitar o Mitigar",IF($H5="Medio","Mitigar o Transferir","Aceptar (monitorear)")),IF($H5="Alto","Explotar o Compartir",IF($H5="Medio","Mejorar o Compartir","Aceptar (monitorear)")))) -> Evitar o Mitigar | J5: Diseñar e implementar en un Code Node de Python dentro de n8n un motor estricto de validación, limpieza y normalización (NITs, entidades, montos, catálogo DANE). ACTUALIZACION: Ya se desarrollo el flujo de n8n para realizar la limpieza y normalización | K5: Más del 15% de los registros procesados en una ejecución incumple las reglas de validación de NIT, montos, entidades o códigos de catálogo. | L5: Juan Jose Botero | M5: En seguimiento | N5: 46287 | O5: 46308
A6: EJ-3 | B6: Criterios de filtrado comercial: Debido a la falta de validación oportuna de los criterios de filtrado con el Product Owner, podrían aplicarse parámetros incorrectos de UNSPSC, cuantías o zonas geográficas, ocasionando que se descarten oportunidades relevantes o se presenten resultados poco pertinentes para el equipo comercial. | C6: Operativo | D6: Amenaza | E6: 2 | F6: 4 | G6: =IF(OR($E6="",$F6=""),"",$E6*$F6) -> 8 | H6: =IF($G6="","",IF($G6<=5,"Bajo",IF($G6<=12,"Medio","Alto"))) -> Medio | I6: =IF(OR($D6="",$H6=""),"",IF($D6="Amenaza",IF($H6="Alto","Evitar o Mitigar",IF($H6="Medio","Mitigar o Transferir","Aceptar (monitorear)")),IF($H6="Alto","Explotar o Compartir",IF($H6="Medio","Mejorar o Compartir","Aceptar (monitorear)")))) -> Mitigar o Transferir | J6: Validar y confirmar por escrito los criterios de filtrado (UNSPSC, cuantías, zonas) con el Product Owner antes del sprint 6, realizando revisiones semanales de precisión durante el piloto ACTUALIZACIÓN: Ya se tienen los criterios acordados en la reunion del 27 septiembre | K6: Durante la revisión semanal del piloto, más del 10 % de las oportunidades evaluadas por el equipo comercial se considera irrelevante o se identifica que faltan oportunidades que cumplen los criterios acordados. | L6: Cristobal Rodriguez | M6: Identificado | N6: 46287 | O6: 46308
A7: EJ-4 | B7: Adopción por parte del equipo comercial: Debido a una capacitación insuficiente o a la falta de apropiación de la herramienta por parte del equipo comercial, los usuarios podrían no utilizar correctamente los resultados o continuar dependiendo exclusivamente de procesos manuales, reduciendo el aprovechamiento de la solución y los beneficios esperados del proyecto. | C7: Organizacional | D7: Amenaza | E7: 3 | F7: 3 | G7: =IF(OR($E7="",$F7=""),"",$E7*$F7) -> 9 | H7: =IF($G7="","",IF($G7<=5,"Bajo",IF($G7<=12,"Medio","Alto"))) -> Medio | I7: =IF(OR($D7="",$H7=""),"",IF($D7="Amenaza",IF($H7="Alto","Evitar o Mitigar",IF($H7="Medio","Mitigar o Transferir","Aceptar (monitorear)")),IF($H7="Alto","Explotar o Compartir",IF($H7="Medio","Mejorar o Compartir","Aceptar (monitorear)")))) -> Mitigar o Transferir | J7: Capacitar al 100 % del equipo comercial antes del piloto, involucrándolos activamente en la validación del criterio comercial para que entiendan la herramienta como un apoyo y no como una sustitución ACTUALIZACIÓN: Riesgo sigue presente, todavia no se ha hecho ningun cambio | K7: Al finalizar la capacitación, menos del 100 % del equipo comercial ha participado, o durante las primeras dos semanas del piloto menos del 50% de los usuarios utiliza la herramienta según el procedimiento definido. | L7: Samuel Villa | M7: Identificado | N7: 46287 | O7: 46308
A8: EJ-5 | B8: Acceso a la API del CRM: Debido a la dependencia de la autorización y disponibilidad de acceso a la API del CRM, podría no ser posible implementar la integración dentro del plazo previsto, generando retrasos en el alcance del proyecto y obligando a utilizar un mecanismo alternativo de carga de información. | C8: Gestión del Proyecto | D8: Amenaza | E8: 4 | F8: 1 | G8: =IF(OR($E8="",$F8=""),"",$E8*$F8) -> 4 | H8: =IF($G8="","",IF($G8<=5,"Bajo",IF($G8<=12,"Medio","Alto"))) -> Bajo | I8: =IF(OR($D8="",$H8=""),"",IF($D8="Amenaza",IF($H8="Alto","Evitar o Mitigar",IF($H8="Medio","Mitigar o Transferir","Aceptar (monitorear)")),IF($H8="Alto","Explotar o Compartir",IF($H8="Medio","Mejorar o Compartir","Aceptar (monitorear)")))) -> Aceptar (monitorear) | J8: Declarar explícitamente en la documentación y reuniones quincenales que la integración al CRM es un alcance condicional; de no contar con acceso a la API al 30-09-2026, se sustituye por la carga manual estructurada ACTUALIZACIÓN: Ya se descarto la integración ya que en semanas no es posible lograr el accceso a una API del CRM | K8: Al 30/09/2026, no se cuenta con credenciales, documentación técnica ni permisos de acceso a la API del CRM confirmados y probados. | L8: Emanuel Castañeda | M8: Identificado | N8: 46287 | O8: 46296
A9: EJ-6 | B9: Despliegue reproducible con Docker: Debido a la ausencia de un entorno de ejecución estandarizado entre n8n y Python, podrían presentarse diferencias de configuración o dependencias al desplegar la solución en la infraestructura de GRECO, provocando errores de ejecución, incompatibilidades y mayores tiempos de mantenimiento. | C9: Técnico | D9: Oportunidad | E9: 4 | F9: 3 | G9: =IF(OR($E9="",$F9=""),"",$E9*$F9) -> 12 | H9: =IF($G9="","",IF($G9<=5,"Bajo",IF($G9<=12,"Medio","Alto"))) -> Medio | I9: =IF(OR($D9="",$H9=""),"",IF($D9="Amenaza",IF($H9="Alto","Evitar o Mitigar",IF($H9="Medio","Mitigar o Transferir","Aceptar (monitorear)")),IF($H9="Alto","Explotar o Compartir",IF($H9="Medio","Mejorar o Compartir","Aceptar (monitorear)")))) -> Mejorar o Compartir | J9: Empaquetar n8n junto con el entorno de Python en contenedores Docker (docker-compose) para asegurar la ejecución independiente, limpia y reproducible en la infraestructura de GRECO. ACTUALIZACION: Al descartarse la opcion de la integracion con el CRM directamente se opta por otra solución que ya esta en progreso | K9: La ejecución del flujo en un entorno distinto al de desarrollo falla por diferencias de versiones, dependencias o variables de entorno, o requiere configuración manual no documentada. | L9: Samuel Deossa | M9: Identificado | N9: 46296 | O9: 46308
A10: =IF($B10="","","R-"&TEXT(ROW()-4,"00")) | G10: =IF(OR($E10="",$F10=""),"",$E10*$F10) | H10: =IF($G10="","",IF($G10<=5,"Bajo",IF($G10<=12,"Medio","Alto"))) | I10: =IF(OR($D10="",$H10=""),"",IF($D10="Amenaza",IF($H10="Alto","Evitar o Mitigar",IF($H10="Medio","Mitigar o Transferir","Aceptar (monitorear)")),IF($H10="Alto","Explotar o Compartir",IF($H10="Medio","Mejorar o Compartir","Aceptar (monitorear)"))))
A11: =IF($B11="","","R-"&TEXT(ROW()-4,"00")) | G11: =IF(OR($E11="",$F11=""),"",$E11*$F11) | H11: =IF($G11="","",IF($G11<=5,"Bajo",IF($G11<=12,"Medio","Alto"))) | I11: =IF(OR($D11="",$H11=""),"",IF($D11="Amenaza",IF($H11="Alto","Evitar o Mitigar",IF($H11="Medio","Mitigar o Transferir","Aceptar (monitorear)")),IF($H11="Alto","Explotar o Compartir",IF($H11="Medio","Mejorar o Compartir","Aceptar (monitorear)"))))
A12: =IF($B12="","","R-"&TEXT(ROW()-4,"00")) | G12: =IF(OR($E12="",$F12=""),"",$E12*$F12) | H12: =IF($G12="","",IF($G12<=5,"Bajo",IF($G12<=12,"Medio","Alto"))) | I12: =IF(OR($D12="",$H12=""),"",IF($D12="Amenaza",IF($H12="Alto","Evitar o Mitigar",IF($H12="Medio","Mitigar o Transferir","Aceptar (monitorear)")),IF($H12="Alto","Explotar o Compartir",IF($H12="Medio","Mejorar o Compartir","Aceptar (monitorear)"))))
A13: =IF($B13="","","R-"&TEXT(ROW()-4,"00")) | G13: =IF(OR($E13="",$F13=""),"",$E13*$F13) | H13: =IF($G13="","",IF($G13<=5,"Bajo",IF($G13<=12,"Medio","Alto"))) | I13: =IF(OR($D13="",$H13=""),"",IF($D13="Amenaza",IF($H13="Alto","Evitar o Mitigar",IF($H13="Medio","Mitigar o Transferir","Aceptar (monitorear)")),IF($H13="Alto","Explotar o Compartir",IF($H13="Medio","Mejorar o Compartir","Aceptar (monitorear)"))))
A14: =IF($B14="","","R-"&TEXT(ROW()-4,"00")) | G14: =IF(OR($E14="",$F14=""),"",$E14*$F14) | H14: =IF($G14="","",IF($G14<=5,"Bajo",IF($G14<=12,"Medio","Alto"))) | I14: =IF(OR($D14="",$H14=""),"",IF($D14="Amenaza",IF($H14="Alto","Evitar o Mitigar",IF($H14="Medio","Mitigar o Transferir","Aceptar (monitorear)")),IF($H14="Alto","Explotar o Compartir",IF($H14="Medio","Mejorar o Compartir","Aceptar (monitorear)"))))
A15: =IF($B15="","","R-"&TEXT(ROW()-4,"00")) | G15: =IF(OR($E15="",$F15=""),"",$E15*$F15) | H15: =IF($G15="","",IF($G15<=5,"Bajo",IF($G15<=12,"Medio","Alto"))) | I15: =IF(OR($D15="",$H15=""),"",IF($D15="Amenaza",IF($H15="Alto","Evitar o Mitigar",IF($H15="Medio","Mitigar o Transferir","Aceptar (monitorear)")),IF($H15="Alto","Explotar o Compartir",IF($H15="Medio","Mejorar o Compartir","Aceptar (monitorear)"))))
A16: =IF($B16="","","R-"&TEXT(ROW()-4,"00")) | G16: =IF(OR($E16="",$F16=""),"",$E16*$F16) | H16: =IF($G16="","",IF($G16<=5,"Bajo",IF($G16<=12,"Medio","Alto"))) | I16: =IF(OR($D16="",$H16=""),"",IF($D16="Amenaza",IF($H16="Alto","Evitar o Mitigar",IF($H16="Medio","Mitigar o Transferir","Aceptar (monitorear)")),IF($H16="Alto","Explotar o Compartir",IF($H16="Medio","Mejorar o Compartir","Aceptar (monitorear)"))))
A17: =IF($B17="","","R-"&TEXT(ROW()-4,"00")) | G17: =IF(OR($E17="",$F17=""),"",$E17*$F17) | H17: =IF($G17="","",IF($G17<=5,"Bajo",IF($G17<=12,"Medio","Alto"))) | I17: =IF(OR($D17="",$H17=""),"",IF($D17="Amenaza",IF($H17="Alto","Evitar o Mitigar",IF($H17="Medio","Mitigar o Transferir","Aceptar (monitorear)")),IF($H17="Alto","Explotar o Compartir",IF($H17="Medio","Mejorar o Compartir","Aceptar (monitorear)"))))
A18: =IF($B18="","","R-"&TEXT(ROW()-4,"00")) | G18: =IF(OR($E18="",$F18=""),"",$E18*$F18) | H18: =IF($G18="","",IF($G18<=5,"Bajo",IF($G18<=12,"Medio","Alto"))) | I18: =IF(OR($D18="",$H18=""),"",IF($D18="Amenaza",IF($H18="Alto","Evitar o Mitigar",IF($H18="Medio","Mitigar o Transferir","Aceptar (monitorear)")),IF($H18="Alto","Explotar o Compartir",IF($H18="Medio","Mejorar o Compartir","Aceptar (monitorear)"))))
A19: =IF($B19="","","R-"&TEXT(ROW()-4,"00")) | G19: =IF(OR($E19="",$F19=""),"",$E19*$F19) | H19: =IF($G19="","",IF($G19<=5,"Bajo",IF($G19<=12,"Medio","Alto"))) | I19: =IF(OR($D19="",$H19=""),"",IF($D19="Amenaza",IF($H19="Alto","Evitar o Mitigar",IF($H19="Medio","Mitigar o Transferir","Aceptar (monitorear)")),IF($H19="Alto","Explotar o Compartir",IF($H19="Medio","Mejorar o Compartir","Aceptar (monitorear)"))))
A20: =IF($B20="","","R-"&TEXT(ROW()-4,"00")) | G20: =IF(OR($E20="",$F20=""),"",$E20*$F20) | H20: =IF($G20="","",IF($G20<=5,"Bajo",IF($G20<=12,"Medio","Alto"))) | I20: =IF(OR($D20="",$H20=""),"",IF($D20="Amenaza",IF($H20="Alto","Evitar o Mitigar",IF($H20="Medio","Mitigar o Transferir","Aceptar (monitorear)")),IF($H20="Alto","Explotar o Compartir",IF($H20="Medio","Mejorar o Compartir","Aceptar (monitorear)"))))
A21: =IF($B21="","","R-"&TEXT(ROW()-4,"00")) | G21: =IF(OR($E21="",$F21=""),"",$E21*$F21) | H21: =IF($G21="","",IF($G21<=5,"Bajo",IF($G21<=12,"Medio","Alto"))) | I21: =IF(OR($D21="",$H21=""),"",IF($D21="Amenaza",IF($H21="Alto","Evitar o Mitigar",IF($H21="Medio","Mitigar o Transferir","Aceptar (monitorear)")),IF($H21="Alto","Explotar o Compartir",IF($H21="Medio","Mejorar o Compartir","Aceptar (monitorear)"))))
... A33: =IF($B33="","","R-"&TEXT(ROW()-4,"00")) | G33: =IF(OR($E33="",$F33=""),"",$E33*$F33) | H33: =IF($G33="","",IF($G33<=5,"Bajo",IF($G33<=12,"Medio","Alto"))) | I33: =IF(OR($D33="",$H33=""),"",IF($D33="Amenaza",IF($H33="Alto","Evitar o Mitigar",IF($H33="Medio","Mitigar o Transferir","Aceptar (monitorear)")),IF($H33="Alto","Explotar o Compartir",IF($H33="Medio","Mejorar o Compartir","Aceptar (monitorear)"))))

Sheet Matriz de Probabilidad-Impacto
B2: Matriz de Probabilidad e Impacto
B3: Se calcula automáticamente a partir de los riesgos diligenciados en la hoja "Registro de Riesgos".
C5: Impacto
C6: 1 · Muy bajo | D6: 2 · Bajo | E6: 3 · Medio | F6: 4 · Alto | G6: 5 · Muy alto | H6: Nivel de exposición
A7: Probabilidad | B7: 5 · Muy alta | C7: =COUNTIFS('Registro de Riesgos'!$E$4:$E$33,5,'Registro de Riesgos'!$F$4:$F$33,1) -> 0 | D7: =COUNTIFS('Registro de Riesgos'!$E$4:$E$33,5,'Registro de Riesgos'!$F$4:$F$33,2) -> 0 | E7: =COUNTIFS('Registro de Riesgos'!$E$4:$E$33,5,'Registro de Riesgos'!$F$4:$F$33,3) -> 0 | F7: =COUNTIFS('Registro de Riesgos'!$E$4:$E$33,5,'Registro de Riesgos'!$F$4:$F$33,4) -> 0 | G7: =COUNTIFS('Registro de Riesgos'!$E$4:$E$33,5,'Registro de Riesgos'!$F$4:$F$33,5) -> 0 | I7: Bajo — aceptar y monitorear
B8: 4 · Alta | C8: =COUNTIFS('Registro de Riesgos'!$E$4:$E$33,4,'Registro de Riesgos'!$F$4:$F$33,1) -> 1 | D8: =COUNTIFS('Registro de Riesgos'!$E$4:$E$33,4,'Registro de Riesgos'!$F$4:$F$33,2) -> 0 | E8: =COUNTIFS('Registro de Riesgos'!$E$4:$E$33,4,'Registro de Riesgos'!$F$4:$F$33,3) -> 1 | F8: =COUNTIFS('Registro de Riesgos'!$E$4:$E$33,4,'Registro de Riesgos'!$F$4:$F$33,4) -> 1 | G8: =COUNTIFS('Registro de Riesgos'!$E$4:$E$33,4,'Registro de Riesgos'!$F$4:$F$33,5) -> 0 | I8: Medio — mitigar/mejorar, o transferir/compartir
B9: 3 · Media | C9: =COUNTIFS('Registro de Riesgos'!$E$4:$E$33,3,'Registro de Riesgos'!$F$4:$F$33,1) -> 0 | D9: =COUNTIFS('Registro de Riesgos'!$E$4:$E$33,3,'Registro de Riesgos'!$F$4:$F$33,2) -> 0 | E9: =COUNTIFS('Registro de Riesgos'!$E$4:$E$33,3,'Registro de Riesgos'!$F$4:$F$33,3) -> 1 | F9: =COUNTIFS('Registro de Riesgos'!$E$4:$E$33,3,'Registro de Riesgos'!$F$4:$F$33,4) -> 0 | G9: =COUNTIFS('Registro de Riesgos'!$E$4:$E$33,3,'Registro de Riesgos'!$F$4:$F$33,5) -> 1 | I9: Alto — actuar de inmediato
B10: 2 · Baja | C10: =COUNTIFS('Registro de Riesgos'!$E$4:$E$33,2,'Registro de Riesgos'!$F$4:$F$33,1) -> 0 | D10: =COUNTIFS('Registro de Riesgos'!$E$4:$E$33,2,'Registro de Riesgos'!$F$4:$F$33,2) -> 0 | E10: =COUNTIFS('Registro de Riesgos'!$E$4:$E$33,2,'Registro de Riesgos'!$F$4:$F$33,3) -> 0 | F10: =COUNTIFS('Registro de Riesgos'!$E$4:$E$33,2,'Registro de Riesgos'!$F$4:$F$33,4) -> 1 | G10: =COUNTIFS('Registro de Riesgos'!$E$4:$E$33,2,'Registro de Riesgos'!$F$4:$F$33,5) -> 0
B11: 1 · Muy baja | C11: =COUNTIFS('Registro de Riesgos'!$E$4:$E$33,1,'Registro de Riesgos'!$F$4:$F$33,1) -> 0 | D11: =COUNTIFS('Registro de Riesgos'!$E$4:$E$33,1,'Registro de Riesgos'!$F$4:$F$33,2) -> 0 | E11: =COUNTIFS('Registro de Riesgos'!$E$4:$E$33,1,'Registro de Riesgos'!$F$4:$F$33,3) -> 0 | F11: =COUNTIFS('Registro de Riesgos'!$E$4:$E$33,1,'Registro de Riesgos'!$F$4:$F$33,4) -> 0 | G11: =COUNTIFS('Registro de Riesgos'!$E$4:$E$33,1,'Registro de Riesgos'!$F$4:$F$33,5) -> 0
B14: Resumen del registro
B15: Total de riesgos registrados | D15: =COUNTA('Registro de Riesgos'!$B$4:$B$33) -> 6
B16: Amenazas | D16: =COUNTIF('Registro de Riesgos'!$D$4:$D$33,"Amenaza") -> 5
B17: Oportunidades | D17: =COUNTIF('Registro de Riesgos'!$D$4:$D$33,"Oportunidad") -> 1
B18: Riesgos en nivel Alto | D18: =COUNTIF('Registro de Riesgos'!$H$4:$H$33,"Alto") -> 2
B19: Riesgos en nivel Medio | D19: =COUNTIF('Registro de Riesgos'!$H$4:$H$33,"Medio") -> 3
B20: Riesgos en nivel Bajo | D20: =COUNTIF('Registro de Riesgos'!$H$4:$H$33,"Bajo") -> 1

Sheet Guía y Escalas
B2: Guía y Escalas
B4: 1. Escala de probabilidad
B5: Valor | C5: Nivel | D5: Descripción
B6: 1 | C6: Muy baja | D6: Menos del 10% de probabilidad — es muy improbable que ocurra.
B7: 2 | C7: Baja | D7: 10% a 30% — podría ocurrir en circunstancias poco usuales.
B8: 3 | C8: Media | D8: 30% a 50% — es posible que ocurra.
B9: 4 | C9: Alta | D9: 50% a 70% — es probable que ocurra.
B10: 5 | C10: Muy alta | D10: Más del 70% — se espera que ocurra en casi todas las circunstancias.
B12: 2. Escala de impacto
B13: Valor | C13: Nivel | D13: Descripción
B14: 1 | C14: Muy bajo | D14: Efecto insignificante sobre alcance, tiempo, costo o calidad del proyecto.
B15: 2 | C15: Bajo | D15: Efecto menor, manejable con ajustes mínimos al plan.
B16: 3 | C16: Medio | D16: Efecto moderado; requiere ajustes visibles al plan del proyecto.
B17: 4 | C17: Alto | D17: Efecto mayor sobre objetivos clave (tiempo, costo, alcance o calidad).
B18: 5 | C18: Muy alto | D18: Efecto crítico; pone en riesgo el éxito o la viabilidad del proyecto.
B20: 3. Nivel de exposición (Puntaje = Probabilidad × Impacto)
B21: Puntaje | C21: Nivel | D21: Qué significa
B22: 1 – 5 | C22: Bajo | D22: Se acepta y se monitorea; no requiere acción inmediata.
B23: 6 – 12 | C23: Medio | D23: Requiere un plan de respuesta y seguimiento periódico.
B24: 15 – 25 | C24: Alto | D24: Requiere acción prioritaria e inmediata del líder y del equipo.
B26: 4. Categorías de riesgo (Estructura de Desglose de Riesgos — RBS, PMI)
B27: Categoría | D27: Incluye
B28: Técnico | D28: Tecnología, diseño, calidad, arquitectura, integración.
B29: Gestión del Proyecto | D29: Planificación, estimación, comunicación, control.
B30: Organizacional | D30: Recursos, prioridades, estructura, dependencias entre áreas.
B31: Externo | D31: Mercado, regulación, proveedores, terceros, entorno.
B33: 5. Estrategias de respuesta sugeridas
B34: Tipo / Nivel | C34: Estrategia | D34: Qué significa
B35: Amenaza · Alto | C35: Evitar o Mitigar | D35: Cambiar el plan para eliminar el riesgo, o reducir su probabilidad/impacto a un nivel aceptable. Acción inmediata.
B36: Amenaza · Medio | C36: Mitigar o Transferir | D36: Reducir probabilidad/impacto, o trasladar la responsabilidad a un tercero (seguro, contrato, proveedor).
B37: Amenaza · Bajo | C37: Aceptar (monitorear) | D37: Aceptación pasiva o activa; se registra y se revisa periódicamente, sin acción inmediata.
B38: Oportunidad · Alto | C38: Explotar o Compartir | D38: Actuar para asegurar que el beneficio se concrete, o compartirlo con un tercero mejor capacitado para capturarlo.
B39: Oportunidad · Medio | C39: Mejorar o Compartir | D39: Aumentar la probabilidad o el impacto positivo, o compartir la oportunidad con un tercero.
B40: Oportunidad · Bajo | C40: Aceptar (monitorear) | D40: Se aprovecha si se presenta, sin inversión adicional de esfuerzo.
B42: Nota — Escalar: cuando un riesgo (amenaza u oportunidad) supera la autoridad del líder de proyecto o el alcance del proyecto, debe escalarse al sponsor, comité o PMO en lugar de gestionarse solo dentro del equipo.
